{
  "accuracy": 0.786316,
  "balanced_accuracy": 0.804804,
  "roc_auc": 0.902613,
  "sensitivity": 0.887458,
  "specificity": 0.722151
}
